<?xml version='1.0' encoding='UTF-8'?><!DOCTYPE collection SYSTEM 'BioC.dtd'><collection><source>PubTator</source><date></date><key>BioC.key</key><document><id>5458675</id><passage><infon key="journal">Br J Ophthalmol; 1970 Aug; 54(8) 522-7</infon><infon key="year">1970</infon><infon key="article-id_pmc">PMC1207905</infon><infon key="type">title</infon><infon key="authors">Smith A</infon><offset>0</offset><text>Extruded collagen ophthalmic sutures. A clinical survey.</text></passage><passage><infon key="type">abstract</infon><offset>57</offset></passage></document><document><id>8858534</id><passage><infon key="journal">J. Periodont. Res.; 1996 Jul; 31(5) 301-12</infon><infon key="year">1996</infon><infon key="type">title</infon><infon key="authors">Giannobile WV, Hernandez RA, Finkelman RD, Ryan S, Kiritsy CP, D Andrea M, Lynch SE</infon><offset>0</offset><text>Comparative effects of platelet-derived growth factor-BB and insulin-like growth factor-I, individually and in combination, on periodontal regeneration in Macaca fascicularis.</text></passage><passage><infon key="type">abstract</infon><offset>176</offset><text>Platelet-derived growth factor (PDGF) and insulin-like growth factor I (IGF-I) in combination have previously been shown to enhance periodontal regeneration. The objective of this study was to further characterize the biological effects of this combination of growth factors in non-human primates and compare the effects to those of each growth factor individually. Ligature-induced periodontitis was initiated in 10 cynomolgus monkeys. After periodontal lesions were established, surgery was performed, and either a methylcellulose gel vehicle or vehicle containing 10 micrograms each of either PDGF-BB, IGF-I or both PDGF-BB and IGF-I was applied to exposed root surfaces. Biopsies were taken 4 and 12 wk after treatment and the extent of periodontal regeneration was assessed by histomorphometry. At both 4 and 12 wk vehicle-treated lesions generally revealed minimal osseous defect fill (ODF) (8.5 +/- 2.1% and 14.5 +/- 5.7%, respectively) and new attachment (NA) (34.1 +/- 5.2% and 26.6 +/- 10.5%, respectively). IGF-I treatment did not significantly alter healing compared to vehicle in any parameter at both 4 and 12 wk. PDGF-BB-treated sites exhibited significant (p &lt; 0.05) regeneration of NA (69.6 + 12.0%) at 12 wk; trends for PDGF-BB treatment effect were also observed in other parameters at 4 and 12 wk, although these increases were not statistically significant. Treatment with PDGF-BB/IGF-I resulted in 21.6 +/- 5.1% and 42.5 +/- 8.3% ODF at 4 and 12 wk, respectively, and 64.1 +/- 7.7% and 74.6 +/- 7.4% NA at 4 and 12 wk, respectively (all significantly greater than vehicle, p &lt; 0.05). The results from this study demonstrated that: 1) IGF-I alone at the dose tested did not significantly alter periodontal wound healing; 2) PDGF-BB alone significantly stimulated NA, with trends of effect on other parameters; and 3) the PDGF-BB/IGF-I combination resulted in significant increases in NA and ODF above vehicle at both 4 and 12 wk.</text></passage></document><document><id>9082989</id><passage><infon key="journal">Science; 1997 Apr 04; 276(5309) 75-81</infon><infon key="year">1997</infon><infon key="type">title</infon><infon key="authors">Martin P</infon><offset>0</offset><text>Wound healing--aiming for perfect skin regeneration.</text></passage><passage><infon key="type">abstract</infon><offset>53</offset><text>The healing of an adult skin wound is a complex process requiring the collaborative efforts of many different tissues and cell lineages. The behavior of each of the contributing cell types during the phases of proliferation, migration, matrix synthesis, and contraction, as well as the growth factor and matrix signals present at a wound site, are now roughly understood. Details of how these signals control wound cell activities are beginning to emerge, and studies of healing in embryos have begun to show how the normal adult repair process might be readjusted to make it less like patching up and more like regeneration.</text></passage></document><document><id>12382953</id><passage><infon key="journal">J. Orthop. Res.; 2002 Sep; 20(5) 910-9</infon><infon key="year">2002</infon><infon key="type">title</infon><infon key="authors">Dahlgren LA, van der Meulen MC, Bertram JE, Starrak GS, Nixon AJ</infon><offset>0</offset><text>Insulin-like growth factor-I improves cellular and molecular aspects of healing in a collagenase-induced model of flexor tendinitis.</text><annotation id="2"><infon key="identifier">100034198</infon><infon key="type">Gene</infon><location offset="0" length="28" /><text>Insulin-like growth factor-I</text></annotation></passage><passage><infon key="type">abstract</infon><offset>133</offset><text>Flexor tendinitis is a common and debilitating injury of elite and recreational athletes. Healing may be improved through intratendinous injection of insulin-like growth factor-I (IGF-I), which has been shown in vitro to stimulate mitogenesis and enhance tendon matrix production. This study investigated the effects of intratendinous injection of IGF-I on tendon healing in an equine model of flexor tendinitis. Collagenase-induced lesions were created in the tensile region of theflexor digitorum superficialis tendon of both forelimbs of eight horses. Treated tendons were injected with 2 microg rhlGF-I intralesionally every other day for 10 injections, while controls received 0.9% NaCl. Tendon fiber deposition and organization were evaluated serially using ultrasonography throughout the 8 week trial period. Following euthanasia, the tendons were harvested and DNA, hydroxyproline, and glycosaminoglycan content determined, mechanical strength and stiffness evaluated, gene expression and spatial arrangement of collagen types I and III assessed by northern blot and in situ hybridization, and tendon fiber architecture assessed by polarized light microscopy. Local soft tissue swelling was reduced in the IGF-I treated limbs. Similarly, lesion size in IGF-I treated tendons was smaller 3 and 4 weeks after initiation of treatment. Cell proliferation and collagen content of the IGF-I treated tendons were increased compared to controls. Mechanically, IGF-I treated tendons showed a trend toward increased stiffness compared to saline treated controls. Considered together with the decreased soft tissue swelling and improved sonographic healing, these data support the potential use of intralesional IGF-I for treatment of debilitating tendon injuries.</text><annotation id="20"><infon key="identifier">100034198</infon><infon key="type">Gene</infon><location offset="283" length="28" /><text>insulin-like growth factor-I</text></annotation><annotation id="21"><infon key="identifier">100034198</infon><infon key="type">Gene</infon><location offset="313" length="5" /><text>IGF-I</text></annotation><annotation id="22"><infon key="identifier">100034198</infon><infon key="type">Gene</infon><location offset="481" length="5" /><text>IGF-I</text></annotation><annotation id="29"><infon key="identifier">100034198</infon><infon key="type">Gene</infon><location offset="1347" length="5" /><text>IGF-I</text></annotation><annotation id="30"><infon key="identifier">100034198</infon><infon key="type">Gene</infon><location offset="1394" length="5" /><text>IGF-I</text></annotation><annotation id="31"><infon key="identifier">100034198</infon><infon key="type">Gene</infon><location offset="1520" length="5" /><text>IGF-I</text></annotation><annotation id="32"><infon key="identifier">100034198</infon><infon key="type">Gene</infon><location offset="1593" length="5" /><text>IGF-I</text></annotation><annotation id="34"><infon key="identifier">100034198</infon><infon key="type">Gene</infon><location offset="1842" length="5" /><text>IGF-I</text></annotation></passage></document><document><id>12420484</id><passage><infon key="journal">Adv Nurse Pract; 2001 Sep; 9(9) 60-3</infon><infon key="year">2001</infon><infon key="type">title</infon><infon key="authors">Watts SA</infon><offset>0</offset><text>Platelet-derived growth factor for foot ulcerations. An effective adjunct to good wound care.</text></passage><passage><infon key="type">abstract</infon><offset>94</offset></passage></document><document><id>12764826</id><passage><infon key="journal">Zhonghua Er Bi Yan Hou Ke Za Zhi; 1999 Oct; 34(5) 286-8</infon><infon key="year">1999</infon><infon key="type">title</infon><infon key="authors">Shen P, Zhou M, Wang H</infon><offset>0</offset><text>[The application of basic fibroblast growth factor to auricles of rabbits with compound injury].</text></passage><passage><infon key="type">abstract</infon><offset>97</offset><text>OBJECTIVE: To study the role of basic fibroblast growth factor (bFGF) in the repair of irradiation- and surgery-induced auricle trauma. METHODS: The bilateral auricles of New Zealand white rabbits were received surgical trauma and beta-active irradiation(90Sr-90Y), bFGF was then applied to the wound. The efficacy of bFGF on wound healing was compared with the control group. RESULTS: On the 10th day after the trauma, the mean epithelalized area was (34.17 +/- 0.37) mm2 and the mean number of microvessels/high power field was (10.25 +/- 2.34) in the treated group, whereas both were (26.25 +/- 0.20) mm2 and (4.38 +/- 0.92) respectivety in the control group. There was a significant difference between the two groups (P &lt; 0.05). On the 7th and 14th days after the trauma, the mean epithelialized area in the treated group was significantly different from that of the control group. The measurement by the image cytometry showed that the treated group had a mean nuclear peak area value of (38.28 +/- 7.23) micron 2 and the mean S-stage cell value of (31.28 +/- 10.35)%, and those of the control group were (28.02 +/- 8.13) micron 2 and (20.14 +/- 9.46)% respectively. There were significant differences (P &lt; 0.05) between them. CONCLUSION: Application of bFGF can, to a certain extent, accelerate the repair of irradiated and surgically injured soft tissue.</text></passage></document><document><id>15692358</id><passage><infon key="journal">Plast. Reconstr. Surg.; 2005 Feb; 115(2) 515-28</infon><infon key="year">2005</infon><infon key="type">title</infon><infon key="authors">Jagetia GC, Rajanikant GK</infon><offset>0</offset><text>Curcumin treatment enhances the repair and regeneration of wounds in mice exposed to hemibody gamma-irradiation.</text></passage><passage><infon key="type">abstract</infon><offset>113</offset><text>Hemibody irradiation in multiple fractionated doses is frequently used for the treatment of various neoplastic disorders. It produces both acute and late effects on the skin and subcutaneous tissues that have profound implications in the healing of surgical wounds. Because of the crucial practical importance of hemibody radiation exposure associated with skin wounds, it is imperative to investigate the efficacy of cost-effective herbal products in the reconstruction of irradiated wounds. Therefore, the effect of pretreatment of curcumin was studied on the healing of excision wound in mice exposed to 2, 4, 6, or 8 Gy of hemibody gamma-radiation. A full-thickness skin wound was created by removing the skin flap of the dorsum of 8- to 10-week-old Swiss albino mice partially (lower half, below the rib cage) exposed to 2, 4, 6, or 8 Gy of gamma-radiation. The progression of wound contraction was monitored periodically by capturing video images of the wound, where the first image of each wound from different groups was obtained 1 day after wounding and that day was considered as day 0. Eight animals were used in each group at each exposure dose for wound contraction studies. Furthermore, the effect of curcumin on mean healing time after exposure of mice to 2, 4, 6, or 8Gy of hemibody gamma-radiation was also evaluated, where eight animals were used in each group at each exposure dose. Collagen, hexosamine, DNA, nitric oxide, and histologic profiles were also evaluated during the course of healing of excision wounds at days 4, 8, and 12 after irradiation treated or not with curcumin before exposure to 0 or 6 Gy of gamma-radiation. Six animals were used in each group at each interval for each biochemical parameter studied, except for histologic evaluations, where four animals were used in each group at each interval. Exposure of mice to different doses of gamma-radiation resulted in a dose-dependent delay in contraction and wound-healing time of excision wound, whereas curcumin pretreatment caused a significant elevation in the rate of wound contraction and a decrease in the mean wound-healing time. Treatment with curcumin before irradiation enhanced the synthesis of collagen, hexosamine, DNA, nitrite, and nitrate, and histologic assessment of wound biopsy specimens revealed improved collagen deposition and an increase in fibroblast and vascular densities. The authors' study demonstrates that curcumin pretreatment has a conducive effect on the irradiated wound and could be a substantial therapeutic strategy for ameliorating radiation-induced delay in wound repair in cases of radiation-induced skin injuries.</text></passage></document><document><id>15929274</id><passage><infon key="journal">Ugeskr. Laeg.; 2005 May 02; 167(18) 1968-9</infon><infon key="year">2005</infon><infon key="type">title</infon><infon key="authors">Krag AA, GjersÃ¸e P</infon><offset>0</offset><text>[Treatment with infliximab of peristomal pyoderma gangrenosum in ulcerative colitis].</text></passage><passage><infon key="type">abstract</infon><offset>86</offset></passage></document><document><id>16964652</id><passage><infon key="journal">Zhonghua Shao Shang Za Zhi; 2006 Jun; 22(3) 215-7</infon><infon key="year">2006</infon><infon key="type">title</infon><infon key="authors">Fan ZF, Wang JH, Li ZQ, Yi CH</infon><offset>0</offset><text>[Influence of sea water immersion on inflammation and healing of the wounds in scalded rats].</text></passage><passage><infon key="type">abstract</infon><offset>94</offset><text>OBJECTIVE: To investigate the influence of sea water immersion on inflammation and healing of the wounds in scalded rats. METHODS: One hundred and forty-four male Wistar rats with 10% TBSA superficial partial-thickness scald were randomly divided into A (n=72, with scald) and B (n=72, with seawater immersion for 4hrs immediately after scald) groups. The serum contents of K+, Na+, Cl- were determined at 0 post-scald hour (PSH), 6PSH, 12PSH and 24 PSH with electrocyte analysis apparatus, and the changes in serum interleukin-6 (IL-6) and tumor necrosis factor (TNF-alpha) levels were determined at 0 PSH, 6PSH and 12 PSH with enzyme-linked immunosorbent assay (ELISA). The histopathological changes in the rats of the two groups were observed, and wound healing time was respectively calculated. RESULTS: The serum contents of K+, Na+, Cl- in B group were obviously higher than those in A group. And the serum content of TNF-alpha and IL-6 in B group at 6 PSH [(140 +/- 22) ng/L, (160 +/- 41) ng/L] were significantly higher than those before scald [(29 +/- 15) ng/L, (62 +/- 17)] ng/L and in A group [(120 +/- 12) ng/L, (124 +/- 22) ng/L, ( P &lt; 0.05)]. Compared with A group, re-epithelization of the wound differentiation in all layers of epidermis were delayed in B group, with more severe wound swelling, exudation, and topical inflammatory response. The wound healing time in B group was (16.3 +/- 1.6) d, which was obviously longer than that in A group [(14.1 +/- 1.8) d, P &lt; 0.05)]. CONCLUSION: Sea water immersion combined with scald injury can aggravate the inflammatory response of the wound and delay the wound healing process.</text><annotation id="24"><infon key="identifier">24498</infon><infon key="type">Gene</infon><infon key="NCBI Homologene">502</infon><location offset="610" length="13" /><text>interleukin-6</text></annotation><annotation id="25"><infon key="identifier">24498</infon><infon key="type">Gene</infon><infon key="NCBI Homologene">502</infon><location offset="625" length="4" /><text>IL-6</text></annotation><annotation id="26"><infon key="identifier">103694380</infon><infon key="type">Gene</infon><location offset="635" length="21" /><text>tumor necrosis factor</text></annotation><annotation id="27"><infon key="identifier">24835</infon><infon key="type">Gene</infon><infon key="NCBI Homologene">496</infon><location offset="658" length="9" /><text>TNF-alpha</text></annotation><annotation id="29"><infon key="identifier">24835</infon><infon key="type">Gene</infon><infon key="NCBI Homologene">496</infon><location offset="1018" length="9" /><text>TNF-alpha</text></annotation><annotation id="30"><infon key="identifier">24498</infon><infon key="type">Gene</infon><infon key="NCBI Homologene">502</infon><location offset="1032" length="4" /><text>IL-6</text></annotation></passage></document><document><id>17205186</id><passage><infon key="journal">ScientificWorldJournal; 2006 Jun 02; 6 Suppl 138-54</infon><infon key="year">2006</infon><infon key="article-id_pmc">PMC5917411</infon><infon key="type">title</infon><infon key="authors">Schebesta M, Lien CL, Engel FB, Keating MT</infon><offset>0</offset><text>Transcriptional profiling of caudal fin regeneration in zebrafish.</text></passage><passage><infon key="type">abstract</infon><offset>67</offset><text>Regeneration of severed limbs in adult animals is restricted to urodele amphibians. Mammals, including humans, have very limited regenerative capabilities and even with proper treatment, only the tips of our digits can grow back. Teleost fish can regenerate amputated fins, the evolutionary ancestors of limbs. To elucidate the principles of limb-fin regeneration, we performed an Affymetrix microarray screen on regenerating caudal fins 12, 24, 48, and 72 h post amputation. Approximately 15,000 zebrafish transcripts were analyzed, identifying 829 transcripts as differentially expressed during regeneration. Of those, 563 were up-regulated and 266 were down-regulated. We constructed a comprehensive database containing expression data, functional assignment, and background information from the literature for each differentially expressed transcript. In order to validate our findings, we employed three approaches: (1) microarray expression analysis of genes previously implicated in fin regeneration, (2) RT-PCR analysis of genes newly identified as differentially expressed during regeneration, and (3) in situ hybridization of the up-regulated genes bambi, dlx5A, and her6. Moreover, we show that Smad 1/5/8 proteins, effector molecules of Bmp signaling, are phosphorylated during fin regeneration. Taken together, we provide a comprehensive database of fin regeneration that will serve as an important tool for understanding the molecular mechanisms of regeneration.</text><annotation id="12"><infon key="identifier">83496</infon><infon key="type">Gene</infon><infon key="NCBI Homologene">8215</infon><location offset="1226" length="5" /><text>bambi</text></annotation><annotation id="13"><infon key="identifier">30569</infon><infon key="type">Gene</infon><infon key="NCBI Homologene">3825</infon><location offset="1233" length="5" /><text>dlx5A</text></annotation><annotation id="14"><infon key="identifier">30288</infon><infon key="type">Gene</infon><infon key="NCBI Homologene">38067</infon><location offset="1244" length="4" /><text>her6</text></annotation><annotation id="15"><infon key="identifier">30628;30641;445564</infon><infon key="type">Gene</infon><location offset="1273" length="10" /><text>Smad 1/5/8</text></annotation></passage></document><document><id>18339576</id><passage><infon key="journal">Int. J. Biochem. Cell Biol.; 2009 Mar; 41(3) 472-6. doi:10.1016/j.biocel.2008.01.026</infon><infon key="year">2009</infon><infon key="type">title</infon><infon key="authors">Russo LM, Brown D, Lin HY</infon><offset>0</offset><text>The soluble transforming growth factor-beta receptor: advantages and applications.</text></passage><passage><infon key="type">abstract</infon><offset>83</offset><text>Transforming growth factor-beta (TGF-beta) is a cytokine that plays a pivotal role in growth, differentiation, development, immune response and wound healing. TGF-beta is upregulated following wound infliction and inflammation, and plays an important role in the production of extracellular matrix proteins that contribute to tissue repair. However, in some diseases, TGF-beta dysregulation can lead to tumor formation, organ fibrosis and the disruption of organ function. A number of molecules have been designed to counteract the effects of TGF-beta, including anti-TGF-beta monoclonal antibodies and various small molecules. Here we discuss the design, use and advantages of the highly specific TGF-beta binding molecule, the soluble human TGF-beta receptor (sTbetaR.Fc) as a TGF-beta sequestering agent.</text><annotation id="13"><infon key="identifier">7124</infon><infon key="type">Gene</infon><infon key="NCBI Homologene">496</infon><location offset="83" length="31" /><text>Transforming growth factor-beta</text></annotation><annotation id="14"><infon key="identifier">7039</infon><infon key="type">Gene</infon><infon key="NCBI Homologene">2431</infon><location offset="116" length="8" /><text>TGF-beta</text></annotation><annotation id="15"><infon key="identifier">7039</infon><infon key="type">Gene</infon><infon key="NCBI Homologene">2431</infon><location offset="242" length="8" /><text>TGF-beta</text></annotation><annotation id="17"><infon key="identifier">7039</infon><infon key="type">Gene</infon><infon key="NCBI Homologene">2431</infon><location offset="451" length="8" /><text>TGF-beta</text></annotation><annotation id="20"><infon key="identifier">7039</infon><infon key="type">Gene</infon><infon key="NCBI Homologene">2431</infon><location offset="626" length="8" /><text>TGF-beta</text></annotation><annotation id="21"><infon key="identifier">7039</infon><infon key="type">Gene</infon><infon key="NCBI Homologene">2431</infon><location offset="651" length="8" /><text>TGF-beta</text></annotation><annotation id="22"><infon key="identifier">7039</infon><infon key="type">Gene</infon><infon key="NCBI Homologene">2431</infon><location offset="781" length="8" /><text>TGF-beta</text></annotation><annotation id="24"><infon key="identifier">6770</infon><infon key="type">Gene</infon><infon key="NCBI Homologene">297</infon><location offset="845" length="7" /><text>sTbetaR</text></annotation><annotation id="25"><infon key="identifier">7039</infon><infon key="type">Gene</infon><infon key="NCBI Homologene">2431</infon><location offset="862" length="8" /><text>TGF-beta</text></annotation></passage></document><document><id>18525250</id><passage><infon key="journal">Adv Skin Wound Care; 2008 Jun; 21(6) 270-4. doi:10.1097/01.ASW.0000323504.68401.d6</infon><infon key="year">2008</infon><infon key="type">title</infon><infon key="authors">Karr J</infon><offset>0</offset><text>Utilization of living bilayered cell therapy (Apligraf) for heel ulcers.</text></passage><passage><infon key="type">abstract</infon><offset>73</offset><text>Among lower extremity chronic wounds, heel ulcers present one of the greatest challenges to the wound care provider. The potential for these ulcers to progress to osteomyelitis of the calcaneus is well known. The concept of "what to take off the wound" is a known clinical axiom; however, extensive debridement or surgical reconstruction including a partial calcanectomy can significantly impair the patient's ambulation, balance, and overall functional mobility. Critical to the wound healing process is the need to replace damaged cells. The use of cellular therapy to achieve wound closure has added to the armamentarium of the wound care specialist. Among several commercially available advanced wound products, the Food and Drug Administration has approved only 1 living bilayered cell therapy (Apligraf) for use with standard therapy in the treatment of venous ulcers, as well as for full-thickness neuropathic diabetic foot ulcers. Apligraf has the capability to express multiple growth factors found in normal skin, thus potentially providing a biologically active matrix in the wound. This case review summarizes the use of living bilayered cell therapy in 10 heel ulcerations. The use of Apligraf with appropriate pressure offloading resulted in effective wound closure, leading to an alternative care plan for patients with heel ulcers.</text></passage></document><document><id>20719083</id><passage><infon key="journal">Cell Transplant; 2011; 20(2) 205-16. doi:10.3727/096368910X520065</infon><infon key="year">2011</infon><infon key="type">title</infon><infon key="authors">Nie C, Yang D, Xu J, Si Z, Jin X, Zhang J</infon><offset>0</offset><text>Locally administered adipose-derived stem cells accelerate wound healing through differentiation and vasculogenesis.</text></passage><passage><infon key="type">abstract</infon><offset>117</offset><text>Despite advances in wound closure techniques and devices, there is still a critical need for new methods of enhancing the healing process to achieve optimal outcomes. Recently, stem cell therapy has emerged as a new approach to accelerate wound healing. Adipose-derived stem cells (ASCs) hold great promise for wound healing, because they are multipotential stem cells capable of differentiation into various cell lineages and secretion of angiogenic growth factors. The aim of this study was to evaluate the benefit of ASCs on wound healing and then investigate the probable mechanisms. ASCs characterized by flow cytometry were successfully isolated and cultured. An excisional wound healing model in rat was used to determine the effects of locally administered ASCs. The gross and histological results showed that ASCs significantly accelerated wound closure in normal and diabetic rat, including increased epithelialization and granulation tissue deposition. Furthermore, we applied GFP-labeled ASCs on wounds to determine whether ASCs could differentiate along multiple lineages of tissue regeneration in the specific microenvironment. Immunofluorescent analysis indicated that GFP-expressing ASCs were costained with pan-cytokeratin and CD31, respectively, indicating spontaneous site-specific differentiation into epithelial and endothelial lineages. These data suggest that ASCs not only contribute to cutaneous regeneration, but also participate in new vessels formation. Moreover, ASCs were found to secret angiogenic cytokines in vitro and in vivo, including VEGF, HGF, and FGF2, which increase neovascularization and enhance wound healing in injured tissues. In conclusion, our results demonstrate that ASC therapy could accelerate wound healing through differentiation and vasculogenesis and might represent a novel therapeutic approach in cutaneous wounds.</text><annotation id="10"><infon key="identifier">83785</infon><infon key="type">Gene</infon><infon key="NCBI Homologene">2534</infon><location offset="1688" length="4" /><text>VEGF</text></annotation><annotation id="11"><infon key="identifier">24446</infon><infon key="type">Gene</infon><infon key="NCBI Homologene">503</infon><location offset="1694" length="3" /><text>HGF</text></annotation><annotation id="12"><infon key="identifier">54250</infon><infon key="type">Gene</infon><infon key="NCBI Homologene">1521</infon><location offset="1703" length="4" /><text>FGF2</text></annotation><annotation id="13"><infon key="identifier">282817</infon><infon key="type">Gene</infon><infon key="NCBI Homologene">8307</infon><location offset="1833" length="3" /><text>ASC</text></annotation></passage></document><document><id>23894651</id><passage><infon key="journal">PLoS ONE; 2013; 8(7) 70408. doi:10.1371/journal.pone.0070408</infon><infon key="year">2013</infon><infon key="article-id_pmc">PMC3722184</infon><infon key="type">title</infon><infon key="authors">Zuliani T, Saiagh S, Knol AC, Esbelin J, DrÃ©no B</infon><offset>0</offset><text>Fetal fibroblasts and keratinocytes with immunosuppressive properties for allogeneic cell-based wound therapy.</text></passage><passage><infon key="type">abstract</infon><offset>111</offset><text>Fetal skin heals rapidly without scar formation early in gestation, conferring to fetal skin cells a high and unique potential for tissue regeneration and scar management. In this study, we investigated the possibility of using fetal fibroblasts and keratinocytes to stimulate wound repair and regeneration for further allogeneic cell-based therapy development. From a single fetal skin sample, two clinical batches of keratinocytes and fibroblasts were manufactured and characterized. Tolerogenic properties of the fetal cells were investigated by allogeneic PBMC proliferation tests. In addition, the potential advantage of fibroblasts/keratinocytes co-application for wound healing stimulation has been examined in co-culture experiments with in vitro scratch assays and a multiplex cytokines array system. Based on keratin 14 and prolyl-4-hydroxylase expression analyses, purity of both clinical batches was found to be above 98% and neither melanocytes nor Langerhans cells could be detected. Both cell types demonstrated strong immunosuppressive properties as shown by the dramatic decrease in allogeneic PBMC proliferation when co-cultured with fibroblasts and/or keratinocytes. We further showed that the indoleamine 2,3 dioxygenase (IDO) activity is required for the immunoregulatory activity of fetal skin cells. Co-cultures experiments have also revealed that fibroblasts-keratinocytes interactions strongly enhanced fetal cells secretion of HGF, GM-CSF, IL-8 and to a lesser extent VEGF-A. Accordingly, in the in vitro scratch assays the fetal fibroblasts and keratinocytes co-culture accelerated the scratch closure compared to fibroblast or keratinocyte mono-cultures. In conclusion, our data suggest that the combination of fetal keratinocytes and fibroblasts could be of particular interest for the development of a new allogeneic skin substitute with immunomodulatory activity, acting as a reservoir for wound healing growth factors. </text><annotation id="7"><infon key="identifier">3861</infon><infon key="type">Gene</infon><infon key="NCBI Homologene">110439</infon><location offset="930" length="10" /><text>keratin 14</text></annotation><annotation id="8"><infon key="identifier">3620</infon><infon key="type">Gene</infon><infon key="NCBI Homologene">48082</infon><location offset="1324" length="27" /><text>indoleamine 2,3 dioxygenase</text></annotation><annotation id="9"><infon key="identifier">3620</infon><infon key="type">Gene</infon><infon key="NCBI Homologene">48082</infon><location offset="1353" length="3" /><text>IDO</text></annotation><annotation id="10"><infon key="identifier">3082</infon><infon key="type">Gene</infon><infon key="NCBI Homologene">503</infon><location offset="1564" length="3" /><text>HGF</text></annotation><annotation id="11"><infon key="identifier">1437</infon><infon key="type">Gene</infon><infon key="NCBI Homologene">600</infon><location offset="1569" length="6" /><text>GM-CSF</text></annotation><annotation id="12"><infon key="identifier">3576</infon><infon key="type">Gene</infon><infon key="NCBI Homologene">47937</infon><location offset="1577" length="4" /><text>IL-8</text></annotation><annotation id="13"><infon key="identifier">7422</infon><infon key="type">Gene</infon><infon key="NCBI Homologene">2534</infon><location offset="1605" length="6" /><text>VEGF-A</text></annotation></passage></document><document><id>30244404</id><passage><infon key="journal">Arch Dermatol Res;2018Dec; 310 (10) 833-841. doi:10.1007/s00403-018-1864-2</infon><infon key="year">2018</infon><infon key="type">title</infon><infon key="authors">Langan EA, Fink T, Paus R, </infon><offset>0</offset><text>Is prolactin a negative neuroendocrine regulator of human skin re-epithelisation after wounding?</text><annotation id="2"><infon key="identifier">5617</infon><infon key="type">Gene</infon><infon key="NCBI Homologene">732</infon><location offset="3" length="9" /><text>prolactin</text></annotation></passage><passage><infon key="type">abstract</infon><offset>97</offset><text>Chronic wounds remain a major unmet healthcare challenge, associated with substantial morbidity and economic costs. Therefore, novel treatment strategies and therapeutic approaches need to be urgently developed. Yet, despite the increasingly recognized importance of neurohormonal signaling in skin physiology, the neuroendocrine regulation of cutaneous wound healing has received surprisingly little attention. Human skin, and its appendages, locally express the pleiotropic neurohormone prolactin (PRL), which not only regulates lactation but also hair follicle cycling, angiogenesis, keratinocyte proliferation, and epithelial stem cell functions. Therefore, we examined the effects of PRL in experimentally wounded female human skin organ culture. Overall, this revealed that PRL slightly, but significantly, inhibited epidermal regeneration (reepithelialisation), cytokeratin 6 protein expression and intraepidermal mitochondrial activity (MTCO1 expression), while it promoted keratinocyte terminal differentiation (i.e. involucrin expression) ex vivo. If the current pilot data are confirmed by further studies, PRL may serve as one of the-rarely studied-negative regulators of cutaneous wound healing that control excessive reepithelialisation. This raises the intriguing and clinically relevant question of whether PRL receptor antagonists could actually promote epidermal repair after human skin wounding.</text><annotation id="16"><infon key="identifier">5617</infon><infon key="type">Gene</infon><infon key="NCBI Homologene">732</infon><location offset="586" length="9" /><text>prolactin</text></annotation><annotation id="17"><infon key="identifier">5617</infon><infon key="type">Gene</infon><infon key="NCBI Homologene">732</infon><location offset="597" length="3" /><text>PRL</text></annotation><annotation id="18"><infon key="identifier">5617</infon><infon key="type">Gene</infon><infon key="NCBI Homologene">732</infon><location offset="786" length="3" /><text>PRL</text></annotation><annotation id="20"><infon key="identifier">5617</infon><infon key="type">Gene</infon><infon key="NCBI Homologene">732</infon><location offset="877" length="3" /><text>PRL</text></annotation><annotation id="21"><infon key="identifier">4512</infon><infon key="type">Gene</infon><infon key="NCBI Homologene">5016</infon><location offset="1042" length="5" /><text>MTCO1</text></annotation><annotation id="22"><infon key="identifier">3713</infon><infon key="type">Gene</infon><infon key="NCBI Homologene">136793</infon><location offset="1123" length="10" /><text>involucrin</text></annotation><annotation id="23"><infon key="identifier">5617</infon><infon key="type">Gene</infon><infon key="NCBI Homologene">732</infon><location offset="1215" length="3" /><text>PRL</text></annotation><annotation id="24"><infon key="identifier">5617</infon><infon key="type">Gene</infon><infon key="NCBI Homologene">732</infon><location offset="1420" length="3" /><text>PRL</text></annotation></passage></document><document><id>34291328</id><passage><infon key="journal">Dig Dis Sci;2021Jul21. doi:10.1007/s10620-021-07154-4</infon><infon key="year">2021</infon><infon key="type">title</infon><infon key="authors">Tsiaoussis GI, Christaki E, </infon><offset>0</offset><text>Is the APEX Score the Pinnacle of Predictive Scoring Systems of Disease Flare in Crohn's Patients with Documented Mucosal Healing?</text><annotation id="2"><infon key="identifier">328</infon><infon key="type">Gene</infon><infon key="NCBI Homologene">1241</infon><location offset="7" length="4" /><text>APEX</text></annotation></passage><passage><infon key="type">abstract</infon><offset>131</offset></passage></document><document><id>34871820</id><passage><infon key="journal">Colloids Surf B Biointerfaces;2022Feb; 210 112230. doi:10.1016/j.colsurfb.2021.112230</infon><infon key="year">2022</infon><infon key="type">title</infon><infon key="authors">Li Y, Fu R, Duan Z, Zhu C, Fan D, </infon><offset>0</offset><text>Mussel-inspired adhesive bilayer hydrogels for bacteria-infected wound healing via NIR-enhanced nanozyme therapy.</text></passage><passage><infon key="type">abstract</infon><offset>114</offset><text>Preventing bacterial infection in situ and accelerating skin generation simultaneously are essentially important for wound healing. Herein, a mussel-inspired Ag nanozyme-based bilayer hydrogel is constructed to address the above concerns. The bilayer hydrogel is composed of a layer with large pores absorbing the wound exudate and allowing oxygen exchange and a layer with small pores keeping the wound moist and preventing bacterial invasion. Benefitting from the polydopamine (PDA) coating-reduced Ag nanoparticles (AgNPs), the hydrogel exhibits high near infrared (NIR) absorption at 808 nm to generate hyperthermia and NIR-enhanced peroxidase (POD-like) activity to produce hydroxyl radicals ( OH), which endows the hydrogel with excellent antibacterial properties when combined with the released Ag+. In addition, the hydrogel presents adhesiveness due to the catechol group on a PDA molecule. The in vivo test results demonstrate that the bilayer hydrogel can accelerate infected skin generation by facilitating collagen deposition, decreasing tumor necrosis factor-alpha secretion, and promoting vascular endothelial growth factor expression.</text><annotation id="20"><infon key="identifier">7124</infon><infon key="type">Gene</infon><infon key="NCBI Homologene">496</infon><location offset="1165" length="27" /><text>tumor necrosis factor-alpha</text></annotation><annotation id="21"><infon key="identifier">7422</infon><infon key="type">Gene</infon><infon key="NCBI Homologene">2534</infon><location offset="1218" length="34" /><text>vascular endothelial growth factor</text></annotation></passage></document></collection>